<?xml version="1.0" encoding="UTF-8"?>
<project-private xmlns="http://www.netbeans.org/ns/project-private/1">
    <editor-bookmarks xmlns="http://www.netbeans.org/ns/editor-bookmarks/2" lastBookmarkId="0"/>
    <open-files xmlns="http://www.netbeans.org/ns/projectui-open-files/2">
        <group>
            <file>file:/C:/Users/wayne/Desktop/lab11_2.X/setting_hardaware/interrupt_manager.c</file>
            <file>file:/C:/Users/wayne/Desktop/lab11_2.X/setting_hardaware/ccp1.c</file>
            <file>file:/C:/Users/wayne/Desktop/lab11_2.X/setting_hardaware/uart.c</file>
            <file>file:/C:/Users/wayne/Desktop/lab11_2.X/setting_hardaware/adc.c</file>
            <file>file:/C:/Program%20Files%20(x86)/Microchip/xc8/v2.10/pic/sources/c99/common/strcpy.c</file>
            <file>file:/C:/Users/wayne/Desktop/lab11_2.X/main.c</file>
            <file>file:/C:/Users/wayne/Desktop/lab11_2.X/setting_hardaware/setting.c</file>
        </group>
    </open-files>
</project-private>
